{
    "forms": [
        {
            "id": 1,
            "name": "client",
            "title": "client",
            "icon": "body",
            "fields": [
                {
                    "group": "Identification",
                    "model": "numsous",
                    "title": "Numéro de sociétaire",
                    "default": "",
                    "required": "true",
                    "readOnly": "true",
                    "error": "Veuillez vérifier la zone : 'Numéro de sociétaire'",
                    "type": "text"
                },
                {
                    "group": "Identification",
                    "model": "civilite",
                    "title": "Civilité",
                    "default": "",
                    "required": "true",
                    "readOnly": "false",
                    "error": "Veuillez vérifier la zone : 'Civilité'",
                    "type": "enum",
                    "enum": {
                        "v1": "valeur1",
                        "v2": "valeur2",
                        "v3": "valeur3"
                    }
                },
                {
                    "group": "Identification",
                    "model": "nom",
                    "title": "Nom",
                    "default": "",
                    "required": "true",
                    "readOnly": "true",
                    "error": "Veuillez vérifier la zone : 'Nom'",
                    "type": "text"
                },
                {
                    "group": "Identification",
                    "model": "prenom",
                    "title": "Prénom",
                    "default": "",
                    "required": "true",
                    "readOnly": "true",
                    "error": "Veuillez vérifier la zone : 'Prénom'",
                    "type": "text"
                },
                {
                    "group": "Identification",
                    "model": "naiss_nom",
                    "title": "Nom de naissance",
                    "default": "",
                    "required": "false",
                    "readOnly": "false",
                    "error": "Veuillez vérifier la zone : 'Nom de naissance'",
                    "type": "text"
                },
                {
                    "group": "Identification",
                    "model": "naiss_date",
                    "title": "Date de naissance",
                    "default": "",
                    "required": "true",
                    "readOnly": "false",
                    "error": "Veuillez vérifier la zone : 'Date de naissance'",
                    "type": "date"
                },
                {
                    "group": "Identification",
                    "model": "naiss_lieu",
                    "title": "Lieu de naissance",
                    "default": "",
                    "required": "true",
                    "readOnly": "false",
                    "error": "Veuillez vérifier la zone : 'Lieu de naissance'",
                    "type": "text"
                },
                {
                    "group": "Identification",
                    "model": "naiss_dep",
                    "title": "Département de naissance",
                    "default": "",
                    "required": "true",
                    "readOnly": "false",
                    "error": "Veuillez vérifier la zone : 'Département de naissance'",
                    "type": "text"
                },
                {
                    "group": "Identification",
                    "model": "nationnalite",
                    "title": "Nationalité",
                    "default": "",
                    "required": "true",
                    "readOnly": "false",
                    "error": "Veuillez vérifier la zone : 'Nationalité'",
                    "type": "text"
                },
                {
                    "group": "Identification",
                    "model": "nation_pays",
                    "title": "Pays de naissance",
                    "default": "",
                    "required": "true",
                    "readOnly": "false",
                    "error": "Veuillez vérifier la zone : 'Pays de naissance'",
                    "type": "text"
                },
                {
                    "group": "Identification",
                    "model": "residFiscale",
                    "title": "Résidence fiscale",
                    "default": "",
                    "required": "true",
                    "readOnly": "false",
                    "error": "Veuillez vérifier la zone : 'Résidence fiscale'",
                    "type": "text"
                },
                {
                    "group": "Identification",
                    "model": "numFiscUS",
                    "title": "Numéro fiscal américain TIN",
                    "default": "",
                    "required": "true",
                    "readOnly": "false",
                    "error": "Veuillez vérifier la zone : 'Numéro fiscal américain TIN'",
                    "type": "boolean"
                },
                {
                    "group": "Activité",
                    "model": "csp",
                    "title": "Code CSP",
                    "default": "",
                    "required": "true",
                    "readOnly": "false",
                    "error": "Veuillez vérifier la zone : 'Code CSP'",
                    "type": "enum",
                    "enum": {
                        "v1": "valeur1",
                        "v2": "valeur2",
                        "v3": "valeur3"
                    }
                },
                {
                    "group": "Activité",
                    "model": "prod",
                    "title": "Profession",
                    "default": "",
                    "required": "true",
                    "readOnly": "false",
                    "error": "Veuillez vérifier la zone : 'Profession'",
                    "type": "text"
                },
                {
                    "group": "Adresse",
                    "model": "adr_ident_Vie",
                    "title": "Comp.identification Vie",
                    "default": "",
                    "required": "false",
                    "readOnly": "false",
                    "error": "Veuillez vérifier la zone : 'Comp.identification Vie'",
                    "type": "text"
                },
                {
                    "group": "Adresse",
                    "model": "adr_compDistrib_vie",
                    "title": "Comp. Distribution Vie",
                    "default": "",
                    "required": "false",
                    "readOnly": "false",
                    "error": "Veuillez vérifier la zone : 'Comp. Distribution Vie'",
                    "type": "text"
                },
                {
                    "group": "Adresse",
                    "model": "adr_vie",
                    "title": "Numéro et rue Vie",
                    "default": "",
                    "required": "true",
                    "readOnly": "false",
                    "error": "Veuillez vérifier la zone : 'Numéro et rue Vie'",
                    "type": "text"
                },
                {
                    "group": "Adresse",
                    "model": "adr_lieudit_vie",
                    "title": "Lieu-dit Vie",
                    "default": "",
                    "required": "false",
                    "readOnly": "false",
                    "error": "Veuillez vérifier la zone : 'Lieu-dit Vie'",
                    "type": "text"
                },
                {
                    "group": "Adresse",
                    "model": "adr_cp_vie",
                    "title": "Code postal Vie",
                    "default": "",
                    "required": "true",
                    "readOnly": "false",
                    "error": "Veuillez vérifier la zone : 'Code postal Vie'",
                    "type": "text"
                },
                {
                    "group": "Adresse",
                    "model": "adr_ville_vie",
                    "title": "Ville Vie",
                    "default": "",
                    "required": "true",
                    "readOnly": "false",
                    "error": "Veuillez vérifier la zone : 'Ville Vie'",
                    "type": "text"
                },
                {
                    "group": "Adresse",
                    "model": "adr_pays_vie",
                    "title": "Pays Vie",
                    "default": "",
                    "required": "true",
                    "readOnly": "false",
                    "error": "Veuillez vérifier la zone : 'Pays Vie'",
                    "type": "text"
                }
            ]
        },
        {
            "id": 2,
            "name": "contacts",
            "title": "Contacts",
            "icon": "body",
            "fields": [
                {
                    "group": "Personnel",
                    "model": "email_perso",
                    "title": "Email personnel",
                    "default": "",
                    "required": "true",
                    "readOnly": "false",
                    "error": "Veuillez vérifier la zone : 'Email personnel'",
                    "type": "email"
                },
                {
                    "group": "Personnel",
                    "model": "optin_perso",
                    "title": "Opt-in Email perso",
                    "default": "",
                    "required": "false",
                    "readOnly": "false",
                    "error": "Veuillez vérifier la zone : 'Opt-in Email perso'",
                    "type": "boolean"
                },
                {
                    "group": "Professionel",
                    "model": "email_prof",
                    "title": "Email professionnel",
                    "default": "",
                    "required": "false",
                    "readOnly": "false",
                    "error": "Veuillez vérifier la zone : 'Email professionnel'",
                    "type": "email"
                },
                {
                    "group": "Professionel",
                    "model": "mobile",
                    "title": "Tél. mobile",
                    "default": "",
                    "required": "false",
                    "readOnly": "false",
                    "error": "Veuillez vérifier la zone : 'Tél. mobile'",
                    "type": "tel"
                },
                {
                    "group": "Professionel",
                    "model": "optin_mobile",
                    "title": "Opt-in tél mobile",
                    "default": "",
                    "required": "false",
                    "readOnly": "false",
                    "error": "Veuillez vérifier la zone : 'Opt-in tél mobile'",
                    "type": "boolean"
                },
                {
                    "group": "Personnel",
                    "model": "tel_perso",
                    "title": "Tél. personnel",
                    "default": "",
                    "required": "false",
                    "readOnly": "false",
                    "error": "Veuillez vérifier la zone : 'Tél. personnel'",
                    "type": "tel"
                },
                {
                    "group": "Personnel",
                    "model": "optin_tel_perso",
                    "title": "Opt-in tél perso",
                    "default": "",
                    "required": "false",
                    "readOnly": "false",
                    "error": "Veuillez vérifier la zone : 'Opt-in tél perso'",
                    "type": "boolean"
                },
                {
                    "group": "Professionel",
                    "model": "tel_prof",
                    "title": "Tél. professionnel",
                    "default": "",
                    "required": "false",
                    "readOnly": "false",
                    "error": "Veuillez vérifier la zone : 'Tél. professionnel'",
                    "type": "tel"
                },
                {
                    "group": "Professionel",
                    "model": "optin_tel_prof",
                    "title": "Opt-in tél. pro",
                    "default": "",
                    "required": "false",
                    "readOnly": "false",
                    "error": "Veuillez vérifier la zone : 'Opt-in tél. pro'",
                    "type": "boolean"
                }
            ]
        },
        {
            "id": 3,
            "name": "identite",
            "title": "Identité",
            "icon": "body",
            "fields": [
                {
                    "group": "Identité",
                    "model": "pi_nature",
                    "title": "Nature de la pièce d’identité",
                    "default": "",
                    "required": "true",
                    "readOnly": "false",
                    "error": "Veuillez vérifier la zone : 'Nature de la pièce d’identité'",
                    "type": "enum",
                    "enum": {
                        "v1": "valeur1",
                        "v2": "valeur2",
                        "v3": "valeur3"
                    }
                },
                {
                    "group": "Identité",
                    "model": "pi_date_delivr",
                    "title": "Date de délivrance",
                    "default": "",
                    "required": "true",
                    "readOnly": "false",
                    "error": "Veuillez vérifier la zone : 'Date de délivrance'",
                    "type": "date"
                },
                {
                    "group": "Identité",
                    "model": "pi_autorite",
                    "title": "Autorité",
                    "default": "",
                    "required": "true",
                    "readOnly": "false",
                    "error": "Veuillez vérifier la zone : 'Autorité'",
                    "type": "text"
                },
                {
                    "group": "Identité",
                    "model": "pi_piece_nom",
                    "title": "Nom fichier PJ",
                    "default": "",
                    "required": "true",
                    "readOnly": "false",
                    "error": "Veuillez vérifier la zone : 'Nom fichier PJ'",
                    "type": "text"
                },
                {
                    "group": "Situation",
                    "model": "situation",
                    "title": "Situation de famille",
                    "default": "",
                    "required": "true",
                    "readOnly": "false",
                    "error": "Veuillez vérifier la zone : 'Situation de famille'",
                    "type": "enum",
                    "enum": {
                        "v1": "valeur1",
                        "v2": "valeur2",
                        "v3": "valeur3"
                    }
                },
                {
                    "group": "Situation",
                    "model": "mtri_regime",
                    "title": "Régime matrimonial",
                    "default": "",
                    "required": "true",
                    "readOnly": "false",
                    "error": "Veuillez vérifier la zone : 'Régime matrimonial'",
                    "type": "enum",
                    "enum": {
                        "v1": "valeur1",
                        "v2": "valeur2",
                        "v3": "valeur3"
                    }
                },
                {
                    "group": "Situation",
                    "model": "nb_enfants",
                    "title": "Nombre d’enfants (à charge)",
                    "default": "",
                    "required": "false",
                    "readOnly": "false",
                    "error": "Veuillez vérifier la zone : 'Nombre d’enfants (à charge)'",
                    "type": "number",
                    "enum": [
                        0,
                        12
                    ]
                },
                {
                    "group": "Situation",
                    "model": "matri_autre",
                    "title": "Autres dispositions matrimoniales",
                    "default": "",
                    "required": "false",
                    "readOnly": "false",
                    "error": "Veuillez vérifier la zone : 'Autres dispositions matrimoniales'",
                    "type": "text"
                },
                {
                    "group": "Situation",
                    "model": "enfant_nom",
                    "title": "Nom enfant",
                    "default": "",
                    "required": "false",
                    "readOnly": "false",
                    "error": "Veuillez vérifier la zone : 'Nom enfant'",
                    "type": "text"
                },
                {
                    "group": "Situation",
                    "model": "enfant_prenom",
                    "title": "Prénom enfant",
                    "default": "",
                    "required": "false",
                    "readOnly": "false",
                    "error": "Veuillez vérifier la zone : 'Prénom enfant'",
                    "type": "text"
                },
                {
                    "group": "Situation",
                    "model": "enfant_date_naissance",
                    "title": "Date de naissance enfant",
                    "default": "",
                    "required": "false",
                    "readOnly": "false",
                    "error": "Veuillez vérifier la zone : 'Date de naissance enfant'",
                    "type": "date"
                },
                {
                    "group": "Situation",
                    "model": "lien",
                    "title": "Lien",
                    "default": "",
                    "required": "false",
                    "readOnly": "false",
                    "error": "Veuillez vérifier la zone : 'Lien'",
                    "type": "enum",
                    "enum": {
                        "v1": "valeur1",
                        "v2": "valeur2",
                        "v3": "valeur3"
                    }
                }
            ]
        },
        {
            "id": 4,
            "name": "fiscalite",
            "title": "ICS",
            "icon": "body",
            "fields": [
                {
                    "group": "Fiscalité",
                    "model": "nb_pers_foyer_fiscal",
                    "title": "Nombre de personnes du foyer fiscal",
                    "default": "",
                    "required": "true",
                    "readOnly": "false",
                    "error": "Veuillez vérifier la zone : 'Nombre de personnes du foyer fiscal'",
                    "type": "number",
                    "enum": [
                        1,
                        12
                    ]
                },
                {
                    "group": "Fiscalité",
                    "model": "tranche_revenu",
                    "title": "Tranche de revenu  sociétaire",
                    "default": "",
                    "required": "true",
                    "readOnly": "false",
                    "error": "Veuillez vérifier la zone : 'Tranche de revenu  sociétaire'",
                    "type": "enum",
                    "enum": {
                        "v1": "valeur1",
                        "v2": "valeur2",
                        "v3": "valeur3"
                    }
                },
                {
                    "group": "Fiscalité",
                    "model": "annee_revenu",
                    "title": "Année de référence revenu sociétaire",
                    "default": "",
                    "required": "true",
                    "readOnly": "false",
                    "error": "Veuillez vérifier la zone : 'Année de référence revenu sociétaire'",
                    "type": "number",
                    "enum": [
                        2000,
                        2015
                    ]
                },
                {
                    "group": "Fiscalité",
                    "model": "tranche_patrimoine",
                    "title": "Tranche de patrimoine total",
                    "default": "",
                    "required": "false",
                    "readOnly": "false",
                    "error": "Veuillez vérifier la zone : 'Tranche de patrimoine total'",
                    "type": "enum",
                    "enum": {
                        "v1": "valeur1",
                        "v2": "valeur2",
                        "v3": "valeur3"
                    }
                },
                {
                    "group": "Fiscalité",
                    "model": "annee_patrimoine",
                    "title": "Année de référence patrimoine total",
                    "default": "",
                    "required": "false",
                    "readOnly": "false",
                    "error": "Veuillez vérifier la zone : 'Année de référence patrimoine total'",
                    "type": "number",
                    "enum": [
                        2000,
                        2015
                    ]
                },
                {
                    "group": "Fiscalité",
                    "model": "tranche_revenu_foyer",
                    "title": "Tranche de revenu foyer",
                    "default": "",
                    "required": "true",
                    "readOnly": "false",
                    "error": "Veuillez vérifier la zone : 'Tranche de revenu foyer'",
                    "type": "enum",
                    "enum": {
                        "v1": "valeur1",
                        "v2": "valeur2",
                        "v3": "valeur3"
                    }
                },
                {
                    "group": "Fiscalité",
                    "model": "annee_revenu_foyer",
                    "title": "Année de référence revenu foyer",
                    "default": "",
                    "required": "true",
                    "readOnly": "false",
                    "error": "Veuillez vérifier la zone : 'Année de référence revenu foyer'",
                    "type": "number"
                },
                {
                    "group": "Fiscalité",
                    "model": "autre_revenu",
                    "title": "Autres revenus du foyer",
                    "default": "",
                    "required": "false",
                    "readOnly": "false",
                    "error": "Veuillez vérifier la zone : 'Autres revenus du foyer'",
                    "type": "number"
                },
                {
                    "group": "Fiscalité",
                    "model": "annee_autre_revenu",
                    "title": "Année de référence autres revenus du foyer",
                    "default": "",
                    "required": "false",
                    "readOnly": "false",
                    "error": "Veuillez vérifier la zone : 'Année de référence autres revenus du foyer'",
                    "type": "number",
                    "enum": [
                        2000,
                        2015
                    ]
                },
                {
                    "group": "Epargne",
                    "model": "epargne_foyer",
                    "title": "Capacité d’épargne mensuelle foyer",
                    "default": "",
                    "required": "false",
                    "readOnly": "false",
                    "error": "Veuillez vérifier la zone : 'Capacité d’épargne mensuelle foyer'",
                    "type": "number"
                },
                {
                    "group": "Epargne",
                    "model": "epargne_autre",
                    "title": "Année de référence capacité d’épargne",
                    "default": "",
                    "required": "false",
                    "readOnly": "false",
                    "error": "Veuillez vérifier la zone : 'Année de référence capacité d’épargne'",
                    "type": "number",
                    "enum": [
                        2000,
                        2015
                    ]
                },
                {
                    "group": "Fiscalité",
                    "model": "isf",
                    "title": "Soumis à ISF",
                    "default": "",
                    "required": "true",
                    "readOnly": "false",
                    "error": "Veuillez vérifier la zone : 'Soumis à ISF'",
                    "type": "boolean"
                },
                {
                    "group": "Epargne",
                    "model": "urlSimu",
                    "title": "Simuler",
                    "default": "https://www.labanquepostale.fr/particulier/Outils/simulateurs/diagnostic_retraite.diagretraite.html",
                    "required": false,
                    "readonly": false,
                    "error": "Simulateur indisponible",
                    "type": "url",
                    "enum": [
                        17600,
                        60000
                    ]
                }
            ]
        },
        {
            "id": 5,
            "name": "offre2",
            "title": "Offre 2",
            "icon": "body",
            "fields": [
                {
                    "group": "Identification",
                    "model": "nom",
                    "title": "Nom",
                    "default": "",
                    "required": "true",
                    "readOnly": "true",
                    "error": "Veuillez vérifier la zone : 'Nom'",
                    "type": "text"
                },
                {
                    "group": "Identification",
                    "model": "prenom",
                    "title": "Prénom",
                    "default": "",
                    "required": "true",
                    "readOnly": "true",
                    "error": "Veuillez vérifier la zone : 'Prénom'",
                    "type": "text"
                },
                {
                    "group": "Identification",
                    "model": "tel_prof",
                    "title": "Tél. professionnel",
                    "default": "",
                    "required": "false",
                    "readOnly": "false",
                    "error": "Veuillez vérifier la zone : 'Tél. professionnel'",
                    "type": "tel"
                }
            ]
        },
        {
            "id": 6,
            "name": "offre3",
            "title": "Offre 3",
            "icon": "body",
            "fields": [
                {
                    "group": "Simulateur",
                    "model": "csp",
                    "title": "Code CSP",
                    "default": "",
                    "required": "false",
                    "readOnly": "true",
                    "error": "Veuillez vérifier la zone : 'Code CSP'",
                    "type": "enum",
                    "enum": {
                        "v1": "valeur1",
                        "v2": "valeur2",
                        "v3": "valeur3"
                    }
                },
                {
                    "group": "Simulateur",
                    "model": "urlSimu",
                    "title": "Simuler avec transmission de données",
                    "default": "",
                    "required": false,
                    "readonly": false,
                    "error": "Simulateur indisponible",
                    "type": "urlData",
                    "enum": [
                        17600,
                        60000
                    ]
                }
            ]
        },
        {
            "id": 7,
            "name": "signClient",
            "title": "Signature",
            "icon": "body",
            "fields": [
                {
                    "group": "Action réservé conseiller",
                    "model": "signature_valid",
                    "title": "Validation de la signature des documents ?",
                    "default": "",
                    "required": "false",
                    "readOnly": "false",
                    "error": "",
                    "type": "boolean"
                }
            ]
        },
        {
            "id": 8,
            "name": "docClient",
            "title": "Documents clients",
            "icon": "body",
            "fields": [
                {
                    "group": "Action réservé conseiller",
                    "model": "doc_valid",
                    "title": "Validation des documents reçus ?",
                    "default": "",
                    "required": "false",
                    "readOnly": "false",
                    "error": "",
                    "type": "boolean"
                }
            ]
        },
        {
            "id": 9,
            "name": "docSmaVie",
            "title": "Documents SmaVie",
            "icon": "body",
            "fields": []
        },
        {
            "id": 10,
            "name": "adhesion",
            "title": "Adhesion",
            "icon": "body",
            "fields": [
                {
                    "group": "Action réservé conseiller",
                    "model": "adhesion_valid",
                    "title": "Validation del'adhesion ?",
                    "default": "",
                    "required": "false",
                    "readOnly": "false",
                    "error": "",
                    "type": "boolean"
                }
            ]
        }
    ],
    "dataToForm": [
        {
            "dataSource": "NOM",
            "field": "nom"
        },
        {
            "dataSource": "ADRESSE",
            "field": "adr_vie"
        },
        {
            "dataSource": "CODEPOSTAL",
            "field": "adr_cp_vie"
        },
        {
            "dataSource": "VILLE",
            "field": "adr_ville_vie"
        },
        {
            "dataSource": "",
            "field": "situation"
        },
        {
            "dataSource": "",
            "field": "test1"
        },
        {
            "dataSource": "EMAIL",
            "field": "email_prof"
        },
        {
            "dataSource": "TELEPHONE",
            "field": "tel_prof"
        },
        {
            "dataSource": "DATECREATIONENT",
            "field": "dateCreation"
        }
    ]
}